name,creditCardNumber,CVV
Inge Plows,3581877399529074,4786
Gina Ravenscraft,3545684333451562,7486
Gothart Daveren,503805820630689975,0275
Moyna Polk,3550526638413486,7475
Pammi Gales,3537768600379760,4333
Kat Lapping,374288999200644,5396
Gwyn Groucutt,4017959862988,9871
Lusa Vasyunichev,3558147919549864,7285
Ki Keely,560221169551123952,8657
Kerri Pierpoint,6333624119878192825,0554
Shalna Adamson,4026146192197211,2436
Forrest Flori,372301479936926,5842
Tris Shave,670949370056628341,8947
Blondell Larder,337941455025881,8451
Sibelle Bowdery,3571920491660744,3827
Danya Hulme,6759686875052439,0701
Ewen Reina,5007661720718635,7934
Haleigh Kiessel,6374599295853341,3592
Valery McGuffog,5602227851570598,8504
Maurise Rosbottom,5493883226360529,5873
Caddric McMoyer,5602250961401595,4676
Ced Penhall,3530805485792324,6705
Ashby Hadigate,3549456372285243,3005
Axe Crowd,56022506493506192,4154
Pooh Marmon,374283077460137,5308
Costanza Gliddon,4911490091670987,0456
Kimberlyn Matzeitis,5100177999915766,2708
Annabelle Latus,3536390076760810,6702
Hanson Bomfield,4017957683162,5387
Jody Cheetham,6385359634565073,7850
Rainer Edgeller,4041594028450117,5955
Guido Winckworth,374622174619386,5453
Luigi Jedrzejewsky,5610310461861951,5778
Merla Jiranek,589347137319681262,4625
Darnell Copland,3575923940573324,5625
Moria Kennan,3534267102611021,3071
Sylvan Harbisher,3563863639530868,9517
Jacquenette Keysel,3546804316999879,1154
Ange Gueste,5602230374357634,6063
Marietta Gascone,3573814595415022,0131
Anet Luckett,3540139639834313,9149
Perrine Veel,6759493553330648293,8350
Nollie Reimers,30463668633096,5482
Alexandrina Savery,5100137882508318,5260
Debera Newbegin,633110705711469634,0952
Bailie Heijne,3567020542643322,9847
Lesley Leacy,3557290913906689,8938
Fredra Mustin,6377540747159926,2361
Ozzy Goodhall,3580884017293043,3085
Sanson Soares,560225410532591883,7010
Cristal Winship,3553061568742123,1306
Rich Wilce,3582599488871253,7381
Anallise Oliffe,3565668997388967,1707
Albrecht Tickner,4905645592707951920,8756
Charlotta Elecum,201614627539393,0292
Kincaid Slyde,3574644229746065,5926
Rosene Jaume,6771599780222712,0713
Alix Ruddock,3574834408972935,5662
Wylma Eslinger,5641820929365821788,1541
Carmelita Rosthorn,5245880851031442,6307
Dukey Josifovitz,3539304447653742,2983
Alexandrina Rivlin,3533928537448203,5773
Shelley Aireton,3573822248581389,9798
Dre Zuann,633110720168232740,0164
Adel Chetwin,3570424815349416,9564
Erminia Fearnyhough,3577012362894844,4844
Aida Orgel,30225833690495,1857
Tristam Stansby,5250136424538278,1414
Saw McKenny,3543580351642896,1082
Gwennie Oldfield-Cherry,36022762683995,9227
Carolina Bloy,201471381034271,1890
Vinny Loud,3544208699538894,4944
Luise Jozwiak,3566966644001937,0707
Tanney McDonand,3580183845431655,8194
Erna Skill,3558646415839844,6723
Ruthe Linger,3583348247173877,6077
Inez Babe,36998576736329,9766
Lily Abbots,3578810048794711,7573
Isabeau Dedden,3577124824592377,3870
Luca Banaszkiewicz,36961474587764,0321
Jourdan Frangleton,5518214031880678,3509
Renelle Bastie,6383663299294487,4492
Randy Maw,3577847376533049,4694
Sven Halson,3586050963925681,9652
Tatum Alldritt,4508255429404402,3285
Effie Silwood,5010125554429284,8994
Tatiana Maidstone,3558179814339992,7689
Louisa Mollene,6386226508952936,9905
Kristos Pulver,3547176317185017,1217
Andy Danieli,3584653509479469,7820
Padgett Farens,3563799651878274,5793
Welsh Braben,3534270572823381,9501
Nadia Moorhouse,4844413210325780,2228
Vivianne Croxford,3580754811502560,1082
Marguerite Seniour,5482561506505947,1831
Marcy Matskevich,5602259028047887,5597
Thorsten Peteri,3581676548286242,0876
Chucho Pyott,4041372984077947,3109
Kellen Yakovl,6761027515474947,8677
Bonny Moorman,201939096557299,2004
Terencio de Guerre,4917517760205606,7751
Cy Sillito,3578951483452694,2716
Maddie McIlwrath,337941491292487,5351
Didi Hardwin,3586605628980395,1985
Roobbie Heinke,564182679979565997,3833
Barton Dignam,3550453282362994,7753
Jaquenette Dourin,3557066181139405,5825
Marcie McFfaden,4913511902664238,4178
Andres Fernie,5100131838058767,7854
Miguelita Hurd,6304307304499425219,6515
Carlina McElvogue,3578232958874609,5696
Emelda Drinan,4911485915112048316,0412
Paige Harburtson,4041598649135,5655
Nefen Litchmore,6391340415665714,5782
Silvanus Oxborrow,6763700290862779,4271
Gui Dizlie,3548951988568405,1358
Alexei Orbon,5602251095533808,2759
Sheffield Bettam,6399594630105763,4969
Zitella Dorcey,3566923183603466,6612
Hester Devinn,371726649994358,0064
Caitlin Footer,3534845687426889,7580
Sayre Drever,5610751553584961,5725
Betteanne McInulty,490319701494647383,8616
Joela Dungay,3546626716951147,9953
Joelynn Speedy,30570938021074,8954
Lyndsey Birckmann,3539326245083186,8221
Benedikta Beeton,5048377190201686,2941
Micki Gladtbach,6334260802651012,4425
Bordy Meiklejohn,5478198849882984,0386
Kelvin Beckwith,3540167210362081,4383
Bonny Forker,63049003102166837,0380
Arv Theriot,3585546238819238,8513
Dougie Basnall,201519661141305,1260
Birgit Arnley,3547402743010201,7906
Hunter Westlake,5641821726708368,0554
Rivi Grabert,5108758041535397,9252
Royce Cusiter,5038782399140514,4545
Donall Strafen,374288798070636,1838
Norah Gourley,343181051025165,6138
Dud Wicklen,374622310549430,9869
Kelbee McCleary,3572803445436040,8346
Giralda Hawken,4041372900688579,0606
Silas Chettoe,4175002249184810,3763
Selene Crathern,3543790399515158,0505
Hymie Dimmock,3547361052133477,0727
Selle Brinkworth,345752981900228,3033
Dalila Tubby,5602259745341928,2033
Udell Fitchew,3562170676049757,6342
Kriste Agglio,201656583469644,5722
Oneida Vaughan-Hughes,3579303274134504,7072
Winn Jefford,3578278510685405,0643
Kristi Chishull,6333062563476429700,8220
Gene Corthes,378315455698783,5391
Suzanna Forrest,30270811635963,7961
Crissy Peacock,3543485573485282,8773
Aubert Vesty,3568363952752582,7342
Delcina Menico,3531104456533340,5259
Blinni Toghill,4026071326703231,7804
Cornall Bodimeade,5602229722990476,9864
Myrvyn Wragg,5002355620460472,7897
Cassaundra Bailes,6759057282047761615,5607
Clement Stockley,4911625171139516,5879
Griffie Bingley,5522565863372454,8319
Moyna Garvin,493668829585113048,8629
Leora Culleton,6378959753888427,3515
Frederica Risdall,3567005450769920,5886
Jocko Ewdale,3588419366132781,6767
Arther Aldgate,3588105487380884,4604
Em Sheriff,670650696735107607,9710
Rebecca Klus,3556923998218270,2115
Henrik Tatam,3586270885994470,9021
Maddie Hesser,36567642263525,5870
Guglielma Morrison,374283270385594,2330
Fina Huitson,3575480114981544,0857
Rona Ida,6333628289383815,3154
Maighdiln MacTrustie,4017958311133021,1448
Marjie McCurt,4844403877880482,6659
Beret Raubenheimer,3542073465919906,0381
Lynnette Atherley,201679031816992,2504
Rolando Haley,3571386217382015,4293
Bertine Jorissen,6761045324377648,0145
Ula Vick,5189438904905886,1033
Karlee Peris,5602220863449356,5907
Allene Woolbrook,3585841112933241,2202
Elvis Blewitt,3574960540926347,1792
Meghann Barneville,4913870575872951,8940
Aloise Swigg,6771137689008755593,5791
Austine Camocke,3587286290062306,6549
Emily Condliffe,3570363991962727,3190
Hadleigh Ferrant,6390490103786545,1420
Egan MacNucator,3570885064822354,0685
Jody Marin,3547552611320361,3803
Darrin Beldom,201768233451771,7735
Laure Denty,3533329216714397,1937
Shepherd Sleightholm,6761151904232575325,7870
Kirby Lansdowne,3565591815618276,2245
Merwyn Elves,5526203495484184,1328
Mahmoud Wade,4905372782542976823,8729
Jay Blurton,3557288381969155,9644
Judd Ullrich,3542138117570066,3311
Nolana Scraggs,5020902233129443437,8625
Milt Condliffe,6709576267757972442,2077
Concordia Metcalfe,56022586546055165,6220
Mic Mauchlen,4936052362842953392,1415
Wilfrid Assiratti,3550635549190321,3770
Gaby MacMaster,67062534994479758,4634
Marcela Cagan,3547762803798387,2220
Vladimir Geraldini,3583274628246480,2859
Grantley Daoust,3549237099455396,5723
Ardyth Hanselman,3557416135363652,9490
Matthus Casolla,3568665260678600,6844
Freddy Aven,5461441637394351,5427
Greggory Swallwell,3586685187012087,4959
Daphna Meadley,6331104020223541489,2946
Samuele Hymer,3541009052221869,1219
Esmeralda Mattiello,4903617227729507,4267
Alikee Mitchenson,3566267441171837,9601
Minny Byre,3548598608365132,6521
Dolly Hayer,3571339004892670,8820
Rodolfo Rzehor,374283055859078,5737
Artair Eyre,3535087964083211,3739
Betsy Dmitr,560223584796963871,1064
Isidor Standrin,3577550722980977,5760
Gabrielle Meas,5235408982342512,4793
Linnet Amis,5472620539553522,3385
Gardiner Barcroft,3545374821209603,4165
Jenna Eaves,5165650092141474,3270
Barbaraanne Southers,3529244551312614,5733
Sena Keningley,67063371603291566,3628
Roxie Scrooby,6761991660215048300,2933
Anselm Skylett,5602213131502602208,9881
Joy Gouda,3554383440320251,7704
Aymer Wimpeney,560223797464517098,8052
Brinna Kilfoyle,3548521942997345,0767
Merry Roobottom,3589721449528920,7925
Gypsy Turbern,3557510610957010,8862
Brandy McBrady,3576973593318948,9053
Clayborne Sheber,4844144156159236,6012
Paolo Jocic,56022390167194134,7629
Den Leggs,3572067755630812,9503
Jecho McConnel,3563771669731332,5974
Andre Papez,4041374788479,9198
Fonz Haton,4041598806684573,8974
Jennine Juhruke,5007664379014694,3870
Rianon Mattaus,0604879174858235252,4800
Jane Delagnes,3572354742347548,0781
Valentin Dovington,4936001884725488305,1149
Ricki Casina,4913449425548473,6448
Ignace Brattell,3530550239513390,1623
Verena Tomasutti,3580398889876124,6886
Colleen Parncutt,3532441088854895,1430
Peggi Bere,3531835175067348,2186
Clemence Jannequin,3563836692579733,6838
Torr Goodison,5473895404060147,0609
Carleton Borchardt,3589826953621506,8678
Christel Tremellan,3533128755767935,5801
Emmott Lezemere,4026916203084107,8350
Dagny Tomenson,3533791115256939,2844
Zachery Poulglais,30256450748548,0457
Netti Rainsden,201778360392714,8027
Derwin Estcot,3552725326084124,3710
Isaac Werndley,5602221437876579,3662
Fara Starie,30463770956666,8604
Alexis Nend,3537185610833308,1962
Garey Bathurst,4041593523405642,9339
Courtnay Holdin,3551559218605659,5690
Eli Truter,50385728129303182,2740
Tynan Ousbie,564182329676154154,9566
Carmelle Flament,3578128373801716,4078
Belicia Messom,3542213067233344,7542
Braden Dorset,0604790716983088299,6976
Ashley Bointon,3574204296928037,5279
Lurleen Dislee,3539378384354969,6594
Wolfy Cappineer,374195088600560,8114
Rabi Northley,372301186361921,3414
Deanne Broxton,3588336765340718,8941
Percy Trenholm,3558010225673408,0734
Kamila Ciobotaro,6767276780495426,7958
Jemimah Gowan,4026293847786343,6530
Michail Hollow,4913960483424159,4388
Alissa Ellingham,67624199348745758,8748
Cesare Golda,6333099543067497,1692
Martita De'Vere - Hunt,3563346494358773,6913
Fonz Playden,6763028737858154554,6062
Kippie Ireson,3552908328415633,9374
Kit Agnew,378283756976326,0748
Maximilianus Birchett,3569930083297437,0490
Bradney Tithecote,3529438957590662,7168
Bili Coston,5100172612957345,2111
Guillema Yeldon,6706060392374106486,1720
Roxy Erik,5108757328830885,4210
Griswold Iacomelli,30282387085002,0015
Rock Worstall,3582650175205147,1046
Boris Signorelli,3539253239184988,7576
Olympe Bracco,5602249261263333,0132
Kiele MacFadden,3541899920245425,0650
Timmy Hurburt,67069356823113389,0521
Caroljean Traynor,4936175137079423,3794
Madlin Esler,63043171922529629,2261
Sasha O'Sheilds,3528817956032340,7479
Thorsten Bixley,3535463880813165,1414
Jeana Baxstare,3548246807866803,4257
Dyan Dibnah,3537560551864639,6303
Shawna Tudge,5602239798310954,9364
Tomas Bellworthy,3556598110494718,4143
Hillie Cecere,201893711375639,4512
Adelaide Cossam,3558661147461148,8965
Theo Foli,201415420834423,3616
Gerda Lamasna,3532226966574008,1887
Ray Gianuzzi,5020700644797278489,6922
Xavier Blackaller,3555480461346527,8691
Ashlin Curzey,6761210405613267,4442
Hal Gregan,3529198463017671,5829
Bennett Trudgian,5100146303537814,9264
Laurie Wisniowski,3582253825025435,1876
Pennie Shear,3539006451468715,7378
Fredek Ellick,6767870282926332,7642
Lindon Howsam,3530347963189285,6887
Sylvester Wallworke,3572614283860369,4486
Frances Loughney,3586002670801788,5423
Bryon Goatcher,3564392572494873,1212
Raven Critoph,3544086075986907,7264
Marlin Scotford,3542304346367134,9945
Goldia Dollimore,5602246700929583786,0727
Ki Samweyes,3555855629150970,2784
Adrien Bonnyson,67617344735864262,0693
Corrinne Hartford,5542509859164398,4641
Cindelyn Glusby,5308896583277933,2528
Keane Shaefer,4405280867126071,0748
Rudiger Clive,6759848027493966,1934
Judy Thirst,3544507581497071,2628
Sammy Oultram,3575753881430303,7950
Banky Cicchillo,4911514147889530665,7000
Jone Berndt,3579273420939074,7418
Ellsworth Ivashkin,3569134418797480,3992
Laurel Runge,5545772063099175,1980
Tilly Freda,30567692859756,8574
Arlyn Nicholls,67632752790327069,4963
Bil Stonehewer,3554168044565520,9320
Cissy Phalip,3580827778640365,5225
Xymenes Tyce,5498195273159117,4144
Dulcine Lovatt,3557311038665057,7474
Tess Neads,3585185055872572,1396
Drusie Kilbourne,676115541327636421,8632
Jeana Chisman,201496149858067,8273
Merwin Stockall,3569842704165051,5050
Augusta Pyatt,3533767012524736,6671
Isa Jewett,3530497322783649,4852
Shannah Gargett,5489158517308529,5299
Gran DeSousa,3570039187179769,7601
Angy Seivwright,3531156629601131,5029
Ingeberg Hardaker,3566543311741218,5057
Theresita Bossel,3560196184940551,1570
Maud Allsebrook,3572482689894121,7810
Laurie Sheppard,490532941269120098,3493
Giustina Wylam,5602236696132837,7962
Andria Domenc,5602253214449890,3513
Hanny Matz,5100142494418583,5205
Marylee Graybeal,6304371083977042040,1829
Leta Nerval,5100174364747783,7800
Veda Gave,4936950595577633,5832
Eben Cundict,4289099366823827,0607
Morganne Iveson,3586983326385450,2260
Marie-ann Klaesson,3588385419276216,8676
Fleming Creech,3539803483528759,6838
Donnajean Schimonek,3545807175670920,8277
Caren Dyball,3528325697285615,8118
Shina Guirau,5100176787561543,4531
Cobbie Noe,6767128325244699647,1381
Chicky Janzen,3532983337648263,7897
Graehme Keford,3587717011917964,5727
Pincas Fairhead,5602224580114475,5760
Torey de Najera,3571902817749401,1588
Lisha Duro,4936420034990791040,0931
Koo Rihosek,5100177660546759,6552
Travers Kuhndel,3586099119380804,6045
Baily Lytlle,3548291645040245,4050
Maisie Juzek,5610435291822640,1599
Sunny Pallent,06043613044319446,6217
Chad Kuhle,201786240713819,6823
Inga Blaxeland,36983858950780,1955
Colas Ambrosi,5610584415387533,5426
Valera Lecordier,3563733762940376,0744
Renae Challiss,6333089800479092708,5694
Jobye Nunnerley,374283578381998,9525
Felicle Baford,5010123668002956,9537
Jasun Cleynaert,6762182812987015267,3914
Tine Shirlaw,3588054598623701,6458
Robinia Burde,3555600967904756,4883
Dorri Fallanche,6333928739438499098,6222
Christel Prisley,5108757019846752,0556
Rem Dingate,3553180895903636,2890
Tabbi Vango,3530729669124650,1375
Lanna Jeafferson,30151722922585,6229
Charleen Torrejon,5048371604395366,4029
Tallia Blagden,6304805582730233099,8972
Klaus Barti,5602243226384851479,0100
Latrina Jonke,201791714513851,1578
Menard Kohnert,5002351341633489,8374
Iorgos Saltern,5010127945313649,0581
Clio Daintrey,3579609042824071,9270
Hymie Humphries,6333880815034830,6245
Baillie Runchman,374843806331063,5770
Richard Rout,3559543209136702,6116
Hetty Alvis,3543714055013134,2840
Jaquith Goretti,3545620949533484,1329
Drusilla Abbotson,67719739971735158,2084
Sigvard Snashall,3562203795107147,6997
Jere Liebmann,201535599921816,1920
Maible Castillou,6333316279087517866,1218
Arlan Armand,5302074066432690,8834
Ely MacGaffey,3551635933887507,8417
Renae Flello,5610980401907476,5977
Chick Volette,5602246870269438,1543
Scotti Waumsley,3578183577830789,3562
Jemie Johann,374288024115742,2767
Gradeigh Lacrouts,5100134828266705,9791
Hope MacAvaddy,3563150557210800,3633
Lou Waliszewski,5007669506323868,9123
Ario Gooderridge,30037293366510,6968
Porty Soppit,201625043922427,8666
Dale Fibbens,3547110025787657,1128
Dannie Quirk,4017951377995227,5811
Tera Couche,56109696283170873,5942
Wesley Hellin,677183582546951261,6391
Delphinia Kalisz,3531676973597742,7604
Benjy Gasnell,5602230945237851,6809
Ivory Meier,4175003282992945,4567
Marika Leyninye,6331102213130520,6810
Bibby Nudds,3577236453421213,6442
Jon Marciskewski,63042840425723779,7811
Mervin Hatherell,5010125603697956,7275
Drud Welband,30068991217721,6381
Carmina Dobney,3560465427327342,4192
Aksel Magarrell,3588203609642263,6472
Shelly Vakhrushin,201804499288985,6794
Gerome Downgate,3537894714311521,7777
Jabez Peller,3560491880144602,2360
Colline Jacquemot,3575481431118752,0818
Fax Mongan,5007663544175125,9655
Erich Yarrington,3530147008893903,4335
Sileas Leah,6391313879746551,1367
Letisha Cumberpatch,3560768269718555,7923
Hilton Gobeaux,630438000362720613,6949
Ken Seivertsen,3562692605405404,9323
Cathie Walthall,3569137789421762,4758
Ab Briars,5138415477529154,7977
Pancho Wormell,201521760225724,4928
Mommy Iles,6761162611330980,1722
Lucian McClune,3537285803375412,6789
Spike Vaun,5602258012269564,8092
Marya Scholler,201820462177534,8060
Reinhard Jeandillou,3538268565390919,2822
Skyler Tunnoch,30091629889067,4840
Alasdair Geydon,3561973948132199,2593
Wash Balchin,3547560689913678,6475
Lorraine Habden,4508401708457014,4613
Dani Rowlstone,3565258232856265,0447
Luke Salleir,67060519957008795,9959
Katey Viscovi,4041592445183,0539
Davey Janodet,3576048279033366,4937
Kaye Ambrozewicz,3555525585105579,0105
Sherm McQuillan,3572582573235610,6551
Josefa Hilliam,374622316098325,5422
Shanda Rudham,3559178201354316,9478
Kym Kleehuhler,676132152265443652,0967
Merrili Belly,5010120893156920,6726
Lea Buckerfield,30143768395669,3641
Farrel Nannizzi,6334863744863338,7966
Jobie Wales,4917110378779947,4820
Jessie Botler,3573757815142597,6758
Esther Liccardo,3553154158838375,2831
Everett Yellowlee,3575543534962111,4503
Gal Molyneaux,3578962733463811,5279
Wallache Fery,3562465769799007,2615
Concettina Walling,5641823440367745,8489
Terra Blaxter,56022192767690085,1594
Lowrance Edghinn,201910886999413,4954
Phoebe Rossiter,3588482226090797,2868
Danila MacPherson,3537722293186990,0007
Kennith Casserley,676296971896213776,7029
Jerry McClean,4913978994556228,1923
Eadmund Readings,3539752154106231,5873
Katha McGahern,3586881733039159,6274
Jens Danbury,633319347238022734,4399
Amanda Canby,6397144031049442,9020
Berta Spadazzi,50200676891864738,5152
Jeremiah Sesons,633372681408913411,0432
Tanhya Canon,3586604344325472,2755
Carson Frizzell,3563449437905856,8139
Honor Sturgess,5038992334240418408,5174
Chelsie Perrot,3583815484976295,1768
Eben Smogur,5602226512035089523,8558
Camey Thursby,501885287158972950,3581
Zuzana Denziloe,3556299877523936,9516
Sayres Hellcat,3582266558008469,8245
Hamlin MacComiskey,56022123160359457,4859
Melisa Friskey,5602251288174585179,9454
Claudie Hulland,337941160776158,7316
Darline O' Clovan,630427919997681655,3594
Nancey Sharpus,3579224715795838,7877
Regan Brayne,5602215856300632,3795
Bobbe Cesconi,6767045693105483,1940
Elsworth Dowthwaite,3538404498765790,8925
Debra Gutsell,3572735155335782,3271
Wally Ranscomb,30048583885275,3380
Jehanna Zavattari,490335328885675136,6960
Carlynne Vanacci,30556560966967,9889
Man Kelcher,36736662839882,8555
Marleah McConnulty,5610120948150872,3243
Berton Giovanetti,4917975518111924,6269
Arleyne Gergher,36647042306098,3428
Caldwell Wheildon,4911898515770052,9371
Dorthea Raymont,201427899779674,2581
Joe Pellington,3574890612814578,3297
Carter Singers,4911020508651666,6474
Bear Drynan,5300598355744953,0219
Griffy Caso,5100144950932370,4723
Marsh Joe,3548249938901598,2526
Rozina Sapseed,3557926727405877,6151
Jillana Jaxon,6371927678911886,6422
Reuben Axel,370948392018240,8571
Martyn Prentice,30498663807543,8201
Kippie MacKeague,560225543171451678,5717
Valdemar Averall,347873538725146,9279
Christie Gregr,3576253544593182,2848
Kendall Sedwick,201694906929440,6812
Lainey Stallworth,3576590634491680,1501
Imelda Skilbeck,3562446123301664,3838
Halsy Hundey,491123044754933340,3985
Anna-maria MacLaverty,5515023296465320,3607
Alyson Wilden,5170116802422599,0299
Sylvia Buckerfield,5581791626021828,1613
Misha Geeson,675982839084319369,7866
Gabriele Erratt,3575440341344254,1072
Allin O'Calleran,5525386576752586,1044
Darice Lanfare,6382150117825032,8111
Natale Stanett,3552910007984731,9399
Giff Louder,3581829797572685,5978
Nathanil Berrow,5602238944034286,5874
Ericha Marcombe,5602249445542404,3115
Marielle Helliwell,3576069534016418,1711
Christine Jarmyn,3544603586785873,6455
Arabele Carleton,3586064543624011,8852
Daffie Foskew,3529359424125405,0298
Paolina Strasse,3558946473245516,6435
Adrian Libreros,374288096877542,4841
Redd Addison,3541293845394007,1440
Gilburt Vardy,63040646278776398,6662
Javier Camble,3549962303264769,6114
Nestor Schinetti,5270646331011587,1630
Stacia Comusso,3561450327148195,4116
Obie Asch,3539219994872604,2707
Linette Rable,5452888697010262,0670
Lew Lyddiatt,201426517093047,3541
Viva Schwartz,3568220922183555,8148
Bernie Newbury,3535634581172289,7031
Luisa Kershaw,201604653302139,6133
Dana Grumley,347868449716382,7204
Karel Kettleson,6378031080808393,3425
Gnni Myrkus,3578754156072991,0228
Elsinore Rickhuss,36438350527495,2742
Othilia Strathearn,3573920400438537,1113
Fedora Livett,3555262505466507,8763
Angelina Zanetto,3579203094758344,3619
Liv Nequest,3551928284462354,4986
Brad Mapes,3533308332670709,0494
Josephine Bayns,3554679645893251,3075
Lionello Waterstone,5602256590961297,0181
Haleigh Sumnall,3574854367517802,8201
Adan McQuaker,5002356218423625,5590
Tyson Cornehl,3530340806384973,2514
Hildegaard Girodias,3539483825384557,4667
Penrod Andrivel,670698403341935859,3857
Hugues Newbatt,3584471787213736,3924
Vinita Nuccii,6771077665822682,6759
Dorie De Paoli,201751871574153,8664
Amanda Stetson,377774017004776,3663
Freddie Morrieson,3537895715063136,8667
Barnebas Werner,3534380273634605,6042
Chaim Dukes,3568163341903205,8532
Benedicto Freire,3584633800397263,6938
Jerrilyn Brayshay,4041374309957084,7255
Juan Dillicate,3574859024173774,7414
Darb Meconi,3538559672006558,2355
Yasmin Rosbrough,3576239202523967,7775
Irwinn Spencock,4911371094761074,1242
Alexander Zarfati,3547802505644313,9616
Susanne Scruby,3573606873748631,4589
Rustie Lineker,67614983302887389,9437
Tyrone Hemshall,5100146519257454,4330
Georgia Arnow,3558900614472042,1214
Chad Sigmund,3549864501591797,4082
Daryl Loding,6333285786811440,7412
Vida Capps,201786223883530,3172
Filmer Hacksby,201425756050874,9020
Teddi Hallagan,3554813452101942,0405
Germayne Errett,201685615445512,2160
Shepard Eeles,6771347261894804384,9349
Christos Wallas,5610274406989600,8774
Cherilyn Onn,3540091337199285,0315
Brandise Dowsey,3555092687385658,9356
Remy Howling,3548540458149430,1517
Colman Iannini,5245002202268918,3177
Terese Carmel,3587138672704239,8898
Netta Yarn,201805066359034,3433
Dominique Dorrins,3589225868610771,5335
Edna Beardall,4508978736559119,3814
Gabbi Foulks,6759443770373944,6377
Tamarra Gerant,3574346179661365,2407
Tiphanie Sterre,3551640100785914,8224
Idette Fitzgerald,3564329488510053,1240
Conroy O'Suaird,201577986572869,7122
Jerrilyn Reily,5610744174319792,8222
Florida Vasler,3583457812159011,4738
Natalya McShirrie,4041594151441,0078
Mikaela St Pierre,4913398703697850,0604
Nelly Ferney,3562329993247466,0149
Corny Pallasch,3529485984840057,7218
Frasco Dunklee,3545541887570306,1262
Jorey Peppard,3585644273388381,9022
Olvan Nockalls,3552281982325773,2837
Reinaldo Coyne,5347317059142660,7790
Miriam Crippin,3584418592969044,8365
Rutger Knightley,4041598418397168,9021
Katrinka Sterte,3586280896034257,7024
Ardis McManamon,3528021751932768,9048
Frazer Laflin,5155362300353584,1017
Tracey Mulcahy,4041591702907,2789
Stormie Widmore,3543280881987669,7700
Shelagh Guillon,3570035591040282,2370
Pyotr Colliber,3586829607435284,9024
Carol Vain,4844952536656337,3937
Torie Clutterbuck,3550713106136522,2266
Leeanne Bambery,4017952875313020,8564
Kally Lehrian,4508663703332639,6023
Wilhelmine Kunc,4911842711696653,2143
Zsazsa Sheehan,3586201006940852,6163
Ali Lillistone,5048370292427218,3703
Balduin Oakwell,347554954929731,9420
Brucie Beretta,4041597092568052,1648
Brandice Buckmaster,3587751218636135,6249
Georgia Gudyer,4844825459805174,3105
Berni Urrey,3580190667515291,8019
Odessa Asif,3578068284701656,6959
Petunia Nice,3536172877644660,4405
John Breagan,5007664009919635,2959
Ruby McNickle,4052164427420487,5593
Dru Hawthorne,30249393593337,3198
Gerrie MacMechan,3564332840903941,2738
Madelin Blaine,3560226026349305,6471
Courtenay Figgen,6759033250373595,2776
Elladine Kibblewhite,3560372463649185,2969
Rowan Plan,201417480603144,3320
Jesus Ferro,5458807067678635,8168
Gage Mutlow,676201814438035022,1391
Grove Volk,6767277574701284,3766
Talbert Corwood,4017954164497,3012
Salvador Crummey,3566466387190815,7316
Selle Colleer,3583554118917934,7549
Arlyne Cleator,3553241734836773,0747
Neel Cleare,201585410952862,5861
Maxi Bunn,5100140945039354,7742
Flori Standing,5100132210099122,7723
Laurie Boothe,676706545823986490,4268
Camilla Crosetti,3567538559563042,1817
Broddy Howgego,5602220155416238,8813
Angeline Dell 'Orto,6333240563699595076,5203
Alwin Flanigan,3557716048001210,3212
Lin Emma,3560413644066079,8764
Willy Langabeer,3569562244049892,3542
Charyl Burgiss,5492068768543622,8720
Cacilie Pritty,3551519146917816,3609
Valentina Cheltnam,30384475633857,7283
Marlow Caro,3577319572456979,8194
Revkah Le Fevre,3529439693492056,7910
Nichole Ennion,5602241458431785606,6635
Callida Pagen,3564656242601038,2232
Mureil Jewise,6334954222780038686,4346
Charita Biddleston,6767543599667180031,9756
Flint Clarkin,3588653632011607,4367
Emmeline Breeds,337941655771813,4662
Alikee Bugdell,30015590250629,4990
Blayne Wintersgill,4041590606579426,0815
Teddie Raggett,4405703148146691,3032
Blondell Sentance,677122076364609444,1932
Estel Grayshan,5100174137283652,0163
Henriette Saltwell,3542095703435189,6130
Moyna Gircke,5602229789821747,6312
Lebbie Philipard,201630659280672,6771
Rabi Jedras,201948860810784,7226
Dare Tipling,3549676934563775,0828
Rudie Bettlestone,3569219189673349,8911
Domenic Gleadhall,06045974926674995,0696
Elliott Wingate,374288504238501,0574
Michal Scones,3534449096678089,7599
Conroy Ubsdale,4405982891214514,4774
Lefty Duddell,3537042672390554,8940
Tonya Clayal,3587391873867111,4120
Minta Presser,3586711664071550,0964
Oberon Dhennin,5602216861366335738,8977
Madeline Tiery,30018331384848,7271
Zorina Bergstrand,5002357452857429,5708
Gilly Gurner,374622938473203,7685
Dick Capun,3542276806709080,8540
Damaris Jiranek,56100035090959807,5757
Deb Tumilson,3539708832499992,4416
Kelly Clethro,30247864813200,4998
Florinda Keri,5048379403848188,5241
Cristin Lankester,6334335004421651,7537
Hestia Martinello,201996458626534,5681
Annecorinne Karppi,3548036184754999,9094
Rodie O'Hegertie,5002355187691816,2514
Caroline Longthorn,3553747471206285,6086
Elane Nibloe,3579254664618699,7168
Carlye Ghost,3553937768652370,9921
Byran Godier,3562711508322985,6246
Loutitia Clilverd,3565558459289722,6953
Willi Sara,06049301193825769,0696
Michelle Bravey,5204944877432304,4899
Krishnah Yanin,3562119657214237,4939
Murray Llopis,5460685999103641,2953
Brennan Loncaster,3540513184330069,3585
Brigid Boggish,374288937267606,6661
Saunder Denial,5018583893835685579,7714
Austen Lamb,6331108564547951649,7887
Leoline Sneddon,56022209821878496,9597
Ross Pacey,3532549584068222,3455
Jourdan Huzzay,5602214665962815,5559
Kellby Fiddyment,3573951192830136,1846
Roobbie Danniell,3546826711732621,4597
Noam Anfrey,201879590682732,7939
Barnett Olczyk,3542640736492010,4595
Sonny McDade,3536391042583906,6377
Bevin Duigan,5048376624564230,0930
Malcolm MacComiskey,30208378107372,4295
Vikky Flemyng,5498789257304333,1980
Sibylle Marcq,3547880923068588,0624
Ailee Castellani,4398692679822680,3843
Elbertina Crebott,3562009330384608,1646
Crista De Giorgi,201445603705850,4679
Austina McCook,564182585650199529,3894
Shae Gawen,3568747704803190,1087
Wendall Estick,3576789116864063,5056
Galvan Melato,5100137711569598,0342
Mata Matfin,30015908322722,2710
Rodolfo Giacobini,201684309459491,5396
Willdon Hinckley,6334489570306950,3429
Rafi Bellwood,560222532914032294,8816
Moishe Stokoe,3535221134394170,3382
Gretal Alyonov,3589022680318943,5736
Quint Willetts,3574847884368741,2618
Emma Perryn,3580243722619390,5137
Saleem Dewett,3585971621341949,2257
Valaria Rackam,3528099514099828,3197
Monica Heggie,3534317228326291,1690
Eberto Boddy,3583636843598392,0503
Yorgo Wedon,3570613648661373,3597
Bertrando Waugh,5113576029508233,8812
Elsa Curnnokk,4913964122350338,4305
Locke Gaddes,3533640253682606,2588
Danie Commin,6771416297852529,4288
Mohammed Geeraert,4041371729868917,2723
Vin Piatti,5602216968770829,8613
Cynthea Geffcock,3565824287268944,3514
Jackqueline Pohls,3547776168383312,9462
Katerina Pren,50202831400300231,0722
Yehudi Olliver,4175009295019501,4396
Witty Santello,337941134102861,0314
Maryann Warwick,3569046401636378,3833
Faydra Canwell,3583960326007493,1962
Weston Frankema,4017959182413724,6953
Anastassia Danilyuk,5610895869156525,3641
Blythe Gravatt,4844670536444948,5694
Electra Luc,4903045608124400613,3731
Gustavus Piotrowski,3537100398368898,3166
Anderson Scheffel,5602249149063632,5447
Tommy Tirrey,3534879413068442,7387
Nelly Jay,3539008647504171,1192
Stephine MacKain,3541729075230585,5413
Luca Duprey,3536347989451630,6732
Vernor Seabert,201584659051536,7240
Fae Stores,4508087272690351,3843
Shay Bendall,5250359850263720,8312
Daveta Telford,3565525300239560,0451
Aymer Cashmore,3542541078300318,4622
Nerita Foxhall,5437567109241448,1876
Conant Heinish,6399522496260455,2658
Davidson Oakes,3556063635565914,4533
Marguerite Vahey,5610367576942937951,3871
Myrlene Hockey,5038518011755243711,8617
Fabe Boom,56022244567061700,2129
Tootsie Mattingley,3540438791671061,8530
Cherye Malshinger,67633463634448132,1627
Jodi Edie,3581484062508723,0739
Cassandre Paumier,5564462132408336,3573
Trevor Janauschek,3534894106243541,0968
Dasha Lilbourne,5048376407029245,7983
Emmit Pretswell,3532625340564736,3297
Kaitlynn Larway,3563533141460702,6436
Terrell Thieme,3564631936469299,5343
Silvio Worboy,5010128501562801,8907
Nerte Pengelly,5457254071381230,0534
Shea Hanster,3563970090827640,7804
Ethelind Gladdolph,30391854960488,0350
Adriaens Darbishire,5305539018068963,0596
Ruthann Woodes,3549634482970918,8462
Keven Hallen,4913414375442770,1721
Calypso Castells,3587170972912832,0951
Shalne Thomazet,5507703479351013,2942
Vanda Logue,3579209442495075,0625
Jemima Lace,5108757968022355,3842
Zara Tyne,6762200959773172873,9848
Madelin Blew,4917639085168424,8769
Curr Worge,5108755856044432,3435
Dean Gerlts,3564839185085878,3815
Mable Minillo,3567926355703278,4759
Rana Forrestill,3556555853289630,9268
Lora Fullilove,5602235896139717,7341
Maryann Bebbell,372301217810797,2957
Anabelle Mannix,633459586710166465,2863
Loy Gaspero,4508331751972322,1581
Glynn Lefeaver,4041593124373,3466
Angelica Melin,5301257293249794,1984
Dalis Rohlf,30196377501283,0293
Marcelle Pre,503871280317140918,9110
Karina Rumgay,3555937827243771,0435
Patric Simmins,6759585645234230167,5895
Darlene Beggio,201982954095648,4946
Sile Snoddy,3540393012782041,5544
Phyllida Huzzay,4844264887648073,4831
Hube Sanz,3589734972150525,7385
Roshelle Corless,5602213662580756953,5917
Tirrell Rake,3529812447071535,2881
Sela Byrne,3566485961684019,6553
Morie Overil,3567919356574459,7548
Timmie Potteridge,4041374685174262,0413
Josephine Haycox,5048374104105111,7969
Zorine Cantrell,3581433746013170,5451
Chev Rickets,3573188581646662,3429
Tory Asaaf,3559546909328818,9419
Claudian Marney,3545605343448389,7562
Llywellyn Kidstoun,5511083697794581,5492
Nana James,201534664102576,2116
Durant Siddons,3539465641479232,7819
Caroljean Birkbeck,3564365852592327,7364
Salvidor Craddock,3567822569373943,8569
Bryn Daens,201657507968182,9085
Pooh Powdrill,4917788326058850,0501
Oriana Wrankling,3551347021508561,2831
Claudette Winser,3548315995469587,1634
Yalonda Krochmann,3580109275327667,6799
Kalinda Garroway,67620549906512798,2224
Levy Blancowe,5048376310446775,5739
Talia Scarce,6767125236932202904,6828
Lynsey Beldham,3553689941778784,9637
Torey Hutton,5610264875314554,6843
Obie Kimbell,5178737871627123,2283
Sophie Jorger,3561729735086281,8463
Thoma Setch,201887639481826,7276
Farand Dunan,5602212022240834,7386
Cecilla Esley,5602238961062350,4347
Patin Greguoli,4917400984870820,3736
Feliks Rogers,3577218759463511,8328
Jessie Daggett,3543155200878494,8705
Lombard Espinazo,3565660802017261,0629
Caralie Atter,3560519730143240,5236
Alejandro Yoselevitch,3559001193315865,7846
Vivian Deards,3550052299833391,2631
Urbain Felderer,3566409152822436,8967
Annadiane Mouton,56022157452923257,8110
Olia Verner,201885992844580,3302
Audie Ricarde,6381890875960114,6247
Serena Meadowcraft,3542587453306941,3974
Cordi Jaher,3542827004698572,2290
Bobbe Pinnington,5100139568356947,8894
Costanza Dallimare,4911055428834976,1340
Quintus Richin,630478701629847120,1105
Giustino Ivakin,5018146825097116,5022
Flss Mettrick,3559229400059394,4186
Tracie Worthy,6333465667357770752,8948
Moe Murricanes,4041373796994,9290
Caz Bowgen,3574321422510024,4433
Grannie Gorrissen,201750489507100,2891
Robin Byrne,3582386698800318,0415
Garik Morales,3568735046984935,6974
Ulrika Gooda,5038947439373231,6065
Romola Franc,30162370056865,0053
Inglis Bealton,3559727327476260,1851
Jacquenette Allon,4508187666297712,8903
Eleen Skiggs,3534644619440419,4951
Brok Beavan,6304387178533963481,8669
Micheline McIvor,3588457463252417,7261
Earle Dadd,3539744167103172,8880
Faber Cookes,3537549898440740,3933
Idalina Gaither,5602259671386590,0521
Jorie Pine,5528581587363475,5690
Beverly Estabrook,3558350076879096,5465
Sal Horwell,3589822721664720,2862
Catina Staddart,3547621958183250,4626
Krystle Rottgers,3581750105713086,1390
Antony Kilbourn,6759535114857795593,9726
Quincey Eastop,6382993120320297,5141
Karolina Aicken,30181498887506,0894
Tuesday Johnys,5401685526900271,0837
Abbie Piddington,4041597601379280,4152
Rozelle Matejovsky,3586560524976643,3253
Levi Mills,30091176235102,8619
Esme Meadley,3535597313694328,3679
Nikki Boness,3544165265462844,9617
Clive Torrance,5048371428404832,3946
Boonie Scoble,6762177541608687603,6946
Ursula Marryatt,3546013046445852,4771
Mitchael Sheilds,3533494390187362,6232
Tiertza Creffeild,3545698091254463,0653
Emmalyn Paz,5010125280617814,1186
Netti Donegan,3552431839413823,5894
Gerik de Najera,374288745012434,7819
Gawen Don,201848874386187,9808
Alford Grove,3567374946598982,0553
Rutter Josey,5610078841744854,2197
Casper Hablot,3560356671371914,4219
Tony Hasson,501820693706507867,7776
Ardine Vlahos,3587416802588932,5663
Bowie Montel,5484249626420985,4957
Beverly Oxenford,3560260497797247,0293
Cullan Uzzell,30537437005841,1270
Dorella Lynskey,3546287052598099,3872
Birgit Dripp,3532263228476474,1540
Liam Doonican,633110706060674733,0323
Ave Anersen,3531723815911143,4767
Amalita Pietron,3576187779449191,5868
Faun Yesichev,5563999665557642,7276
Jeralee Weld,4889247383823,7680
Malanie Minors,3546834887244264,5417
Birgit Trewhella,3555327627879521,6077
Vyky Elegood,346933668885853,4005
Lian Pinke,3580392961510800,1403
Ogden Eloi,3556507929862593,7251
Thorstein Sodo,3566516575408062,2840
Lin Di Biagi,3540654396846201,6223
Doug Klarzynski,5602259997415255,5677
Brier Boness,344865569174858,9039
Adelina Domelow,4844221341369159,7285
Fannie Ferrulli,3561183448678242,8997
Reggie Heal,501845690057623187,5904
Hal Kosel,201594067993344,9855
Emanuele Nutbrown,5395501720021509,8099
Malissa Blaydon,3579292493932931,8214
Yul Devanney,5423379164283513,1808
Meryl Minerdo,06044043642604008,6793
Pavia Hauck,3550028135451424,5825
Gerianna Feronet,337941782054364,0345
Evan Tapton,4903181621528494,2104
Sasha De Gregoli,4026662435018089,2231
Poul Tomei,201621517892238,5427
Cathlene Vause,5602236082251480,2936
Mikaela Bessell,490594428028925269,9372
Raquel McKeown,3547683620323920,4340
Bennett McCaffery,4936535142271614,0911
Jane Feldklein,3578042222669267,3843
Kin Ferrer,5100130315674815,9873
Rafaellle Doveston,337941176352754,7122
Raynard Cavolini,3550052775334823,8848
Erminia McGaughie,3588695832515812,8480
Redford Annets,3544468514779400,9095
Austina Dabney,3536645162618937,5468
Hugh Paliser,30344655589931,6020
Corbin Gilberthorpe,201909186657416,9665
Sid Rhoades,3581805401049955,9541
Biron Orable,3573385050532254,8300
Brucie Attwool,3560185842287356,7427
Yorgos Reinmar,5602252186140164,9848
Jermaine Tebboth,3581990605574634,1044
Berthe Herche,6759219102304283001,4174
Twila Graeser,6771177645389127506,9078
Klement Shearn,3541575071418926,3261
Rebeka Galliver,5610113142223007894,3904
Mildrid Caddie,5602250236991180,5068
Hope Thomasson,5100148046409954,9098
Gar Uman,4041377138136,6266
Juliette Van Baaren,5048379439210338,5683
Thibaud Marklow,348125317709067,2376
Gustave Metschke,3564833368637183,2009
Allie O'Shields,5010121657032034,6802
Gram Dollar,677113874967121614,1606
Cilka Bonnick,3536272388900799,0845
Sara-ann Jodrellec,3564412858939902,3265
Lolly Bollard,5515532131913625,8635
Orland Ainley,337941530497923,2809
Marcos Adamovitch,5602242457839099,9525
Stevie Kinsella,3529205676627434,1797
Carlina Kinkaid,201909602658642,7396
Beatrix Edgerton,3584559081945290,6547
Sibbie Blackader,491169031146610129,0621
Aubree Rawes,4017957242122848,7758
Willetta McGannon,3588079088912686,7026
Chen Shellard,3541915736677476,7075
Wilbert Karleman,3547799104455705,8773
Archibaldo Snoddon,3537440586558888,7992
